[
  {"nama":"Jakarta","lat":-6.2088,"lon":106.8456},
  {"nama":"Surabaya","lat":-7.2575,"lon":112.7521},
  {"nama":"Bandung","lat":-6.9175,"lon":107.6191},
  {"nama":"Medan","lat":3.5952,"lon":98.6722},
  {"nama":"Makassar","lat":-5.1477,"lon":119.4327},
  {"nama":"Semarang","lat":-6.9932,"lon":110.4203},
  {"nama":"Palembang","lat":-2.9761,"lon":104.7754},
  {"nama":"Denpasar","lat":-8.6500,"lon":115.2167},
  {"nama":"Yogyakarta","lat":-7.7972,"lon":110.3688},
  {"nama":"Pontianak","lat":-0.0263,"lon":109.3425},
  {"nama":"Bandar Lampung","lat":-5.4250,"lon":105.2581},
  {"nama":"Padang","lat":-0.9556,"lon":100.3606},
  {"nama":"Malang","lat":-7.9797,"lon":112.6304},
  {"nama":"Samarinda","lat":-0.5022,"lon":117.1536},
  {"nama":"Tasikmalaya","lat":-7.3275,"lon":108.2208},
  {"nama":"Banjarmasin","lat":-3.3200,"lon":114.5900},
  {"nama":"Serang","lat":-6.1100,"lon":106.1500},
  {"nama":"Jambi","lat":-1.5944,"lon":103.6094},
  {"nama":"Balikpapan","lat":-1.2766,"lon":116.8286},
  {"nama":"Surakarta","lat":-7.5667,"lon":110.8167},
  {"nama":"Cimahi","lat":-6.8717,"lon":107.5406},
  {"nama":"Manado","lat":1.4931,"lon":124.8419},
  {"nama":"Kupang","lat":-10.1718,"lon":123.6069},
  {"nama":"Jayapura","lat":-2.5852,"lon":140.7014},
  {"nama":"Mataram","lat":-8.5833,"lon":116.1167},
  {"nama":"Cilegon","lat":-6.0025,"lon":106.0111},
  {"nama":"Ambon","lat":-3.6950,"lon":128.1833},
  {"nama":"Bengkulu","lat":-3.7883,"lon":102.2556},
  {"nama":"Palu","lat":-0.9000,"lon":119.8333},
  {"nama":"Kendari","lat":-3.9775,"lon":122.5158},
  {"nama":"Sukabumi","lat":-6.9181,"lon":106.9267},
  {"nama":"Cirebon","lat":-6.7075,"lon":108.5592},
  {"nama":"Pekalongan","lat":-6.8886,"lon":109.6758},
  {"nama":"Kediri","lat":-7.8119,"lon":112.0050},
  {"nama":"Pematangsiantar","lat":2.9606,"lon":99.0689},
  {"nama":"Tegal","lat":-6.8694,"lon":109.1400},
  {"nama":"Sorong","lat":-0.8833,"lon":131.2617},
  {"nama":"Binjai","lat":3.6000,"lon":98.4833},
  {"nama":"Dumai","lat":1.6833,"lon":101.4500},
  {"nama":"Palangka Raya","lat":-2.2100,"lon":113.9200},
  {"nama":"Banda Aceh","lat":5.5500,"lon":95.3167},
  {"nama":"Singkawang","lat":0.9000,"lon":108.9833},
  {"nama":"Probolinggo","lat":-7.7500,"lon":113.2167},
  {"nama":"Padang Sidempuan","lat":1.3833,"lon":99.2333},
  {"nama":"Bitung","lat":1.4422,"lon":125.1850},
  {"nama":"Banjarbaru","lat":-3.4439,"lon":114.8142},
  {"nama":"Ternate","lat":0.8000,"lon":127.3800},
  {"nama":"Lubuklinggau","lat":-3.2931,"lon":102.8600},
  {"nama":"Pasuruan","lat":-7.6458,"lon":112.9075},
  {"nama":"Tanjungpinang","lat":0.9167,"lon":104.4500},
  {"nama":"Pangkalpinang","lat":-2.1333,"lon":106.1167},
  {"nama":"Madiun","lat":-7.6298,"lon":111.5239},
  {"nama":"Tarakan","lat":3.3000,"lon":117.6333},
  {"nama":"Batu","lat":-7.8667,"lon":112.5167},
  {"nama":"Gorontalo","lat":0.5375,"lon":123.0594},
  {"nama":"Banjar","lat":-7.3667,"lon":108.5333},
  {"nama":"Lhokseumawe","lat":5.1800,"lon":97.1489},
  {"nama":"Prabumulih","lat":-3.4333,"lon":104.2333},
  {"nama":"Palopo","lat":-2.9833,"lon":120.2000},
  {"nama":"Langsa","lat":4.4667,"lon":97.9667},
  {"nama":"Salatiga","lat":-7.3300,"lon":110.5000},
  {"nama":"Parepare","lat":-4.0167,"lon":119.6250},
  {"nama":"Tebing Tinggi","lat":3.3167,"lon":99.1500},
  {"nama":"Tanjungbalai","lat":2.9667,"lon":99.8000},
  {"nama":"Metro","lat":-5.1136,"lon":105.3089},
  {"nama":"Bontang","lat":0.1333,"lon":117.4833},
  {"nama":"Baubau","lat":-5.4333,"lon":122.6167},
  {"nama":"Blitar","lat":-8.1000,"lon":112.1667},
  {"nama":"Gunungsitoli","lat":1.2833,"lon":97.6167},
  {"nama":"Bima","lat":-8.4667,"lon":118.7333},
  {"nama":"Pagar Alam","lat":-4.0000,"lon":103.2500},
  {"nama":"Mojokerto","lat":-7.4667,"lon":112.4333},
  {"nama":"Payakumbuh","lat":-0.2167,"lon":100.6333},
  {"nama":"Magelang","lat":-7.4667,"lon":110.2167},
  {"nama":"Kotamobagu","lat":0.7333,"lon":124.3167},
  {"nama":"Bukittinggi","lat":-0.3000,"lon":100.3667},
  {"nama":"Manokwari","lat":-0.8667,"lon":134.0833},
  {"nama":"Tidore Kepulauan","lat":0.6833,"lon":127.3833},
  {"nama":"Tomohon","lat":1.3333,"lon":124.8333},
  {"nama":"Sungaipenuh","lat":-2.0667,"lon":101.3833},
  {"nama":"Pariaman","lat":-0.6167,"lon":100.1167},
  {"nama":"Sibolga","lat":1.7408,"lon":98.7808},
  {"nama":"Tual","lat":-5.6500,"lon":132.7500},
  {"nama":"Subulussalam","lat":2.7000,"lon":97.9167},
  {"nama":"Solok","lat":-0.7833,"lon":100.7167},
  {"nama":"Sawahlunto","lat":-0.6833,"lon":100.7667},
  {"nama":"Padang Panjang","lat":-0.4667,"lon":100.4167},
  {"nama":"Sabang","lat":5.8900,"lon":95.3183},
  {"nama":"Lima Puluh Kota","lat":-0.3000,"lon":100.6333},
  {"nama":"Agam","lat":-0.2333,"lon":100.1333},
  {"nama":"Pasaman","lat":-0.0500,"lon":100.1167},
  {"nama":"Tanah Datar","lat":-0.4500,"lon":100.6167},
  {"nama":"Sijunjung","lat":-0.7000,"lon":100.9500},
  {"nama":"Pesisir Selatan","lat":-1.3667,"lon":100.8000},
  {"nama":"Solok Selatan","lat":-1.2333,"lon":101.5333},
  {"nama":"Dharamsraya","lat":-1.0000,"lon":101.0000},
  {"nama":"South Solok","lat":-1.2000,"lon":101.5000},
  {"nama":"Sawah Lunto Sijunjung","lat":-0.7000,"lon":100.9500},
  {"nama":"Padang Pariaman","lat":-0.6167,"lon":100.1167},
  {"nama":"Mentawai Islands","lat":-2.0000,"lon":99.6667},
  {"nama":"Kuantan Singingi","lat":-0.3500,"lon":101.4500},
  {"nama":"Indragiri Hulu","lat":-0.3833,"lon":102.2667},
  {"nama":"Indragiri Hilir","lat":-0.3667,"lon":103.6167},
  {"nama":"Pelalawan","lat":0.3500,"lon":102.1167},
  {"nama":"Rokan Hulu","lat":0.3667,"lon":100.5667},
  {"nama":"Rokan Hilir","lat":2.0000,"lon":100.9167},
  {"nama":"Siak","lat":0.7833,"lon":102.0333},
  {"nama":"Kampar","lat":0.1500,"lon":101.4500},
  {"nama":"Bengkalis","lat":1.4500,"lon":102.1167},
  {"nama":"Meranti Islands","lat":-0.5000,"lon":103.0000}
]